state,district,year,crop,production_t,RPR,residue_generated_t,burn_fraction,burned_t,recoverable_t
Punjab,Amritsar,2010 - 2011,Rice,503000.0,1.5,754500.0,0.8,603600.0,105629.99999999997
Punjab,Amritsar,2011 - 2012,Rice,482000.0,1.5,723000.0,0.8,578400.0,101219.99999999997
Punjab,Amritsar,2012 - 2013,Rice,544000.0,1.5,816000.0,0.8,652800.0,114239.99999999997
Punjab,Amritsar,2013 - 2014,Rice,518000.0,1.5,777000.0,0.8,621600.0,108779.99999999997
Punjab,Amritsar,2014 - 2015,Rice,505000.0,1.5,757500.0,0.8,606000.0,106049.99999999997
Punjab,Amritsar,2015 - 2016,Rice,513000.0,1.5,769500.0,0.8,615600.0,107729.99999999997
Punjab,Amritsar,2016 - 2017,Rice,574000.0,1.5,861000.0,0.8,688800.0,120539.99999999997
Punjab,Amritsar,2017 - 2018,Rice,677000.0,1.5,1015500.0,0.8,812400.0,142169.99999999994
Punjab,Amritsar,2018 - 2019,Rice,537000.0,1.5,805500.0,0.8,644400.0,112769.99999999997
Punjab,Amritsar,2019 - 2020,Rice,598000.0,1.5,897000.0,0.8,717600.0,125579.99999999997
Punjab,Amritsar,2020 - 2021,Rice,617000.0,1.5,925500.0,0.8,740400.0,129569.99999999997
Punjab,Amritsar,2021 - 2022,Rice,659000.0,1.5,988500.0,0.8,790800.0,138389.99999999994
Punjab,Amritsar,2022 - 2023,Rice,644000.0,1.5,966000.0,0.8,772800.0,135239.99999999997
Punjab,Barnala,2010 - 2011,Rice,465000.0,1.5,697500.0,0.8,558000.0,97649.99999999997
Punjab,Barnala,2011 - 2012,Rice,459000.0,1.5,688500.0,0.8,550800.0,96389.99999999997
Punjab,Barnala,2012 - 2013,Rice,490000.0,1.5,735000.0,0.8,588000.0,102899.99999999997
Punjab,Barnala,2013 - 2014,Rice,500000.0,1.5,750000.0,0.8,600000.0,104999.99999999997
Punjab,Barnala,2014 - 2015,Rice,507000.0,1.5,760500.0,0.8,608400.0,106469.99999999997
Punjab,Barnala,2015 - 2016,Rice,511000.0,1.5,766500.0,0.8,613200.0,107309.99999999997
Punjab,Barnala,2016 - 2017,Rice,516000.0,1.5,774000.0,0.8,619200.0,108359.99999999997
Punjab,Barnala,2017 - 2018,Rice,565000.0,1.5,847500.0,0.8,678000.0,118649.99999999997
Punjab,Barnala,2018 - 2019,Rice,567000.0,1.5,850500.0,0.8,680400.0,119069.99999999997
Punjab,Barnala,2019 - 2020,Rice,525000.0,1.5,787500.0,0.8,630000.0,110249.99999999997
Punjab,Barnala,2020 - 2021,Rice,602000.0,1.5,903000.0,0.8,722400.0,126419.99999999997
Punjab,Barnala,2021 - 2022,Rice,551000.0,1.5,826500.0,0.8,661200.0,115709.99999999997
Punjab,Barnala,2022 - 2023,Rice,601000.0,1.5,901500.0,0.8,721200.0,126209.99999999997
Punjab,Bathinda,2010 - 2011,Rice,437000.0,1.5,655500.0,0.8,524400.0,91769.99999999997
Punjab,Bathinda,2011 - 2012,Rice,409000.0,1.5,613500.0,0.8,490800.0,85889.99999999997
Punjab,Bathinda,2012 - 2013,Rice,458000.0,1.5,687000.0,0.8,549600.0,96179.99999999997
Punjab,Bathinda,2013 - 2014,Rice,501000.0,1.5,751500.0,0.8,601200.0,105209.99999999997
Punjab,Bathinda,2014 - 2015,Rice,529000.0,1.5,793500.0,0.8,634800.0,111089.99999999997
Punjab,Bathinda,2015 - 2016,Rice,620000.0,1.5,930000.0,0.8,744000.0,130199.99999999997
Punjab,Bathinda,2016 - 2017,Rice,689000.0,1.5,1033500.0,0.8,826800.0,144689.99999999994
Punjab,Bathinda,2017 - 2018,Rice,747000.0,1.5,1120500.0,0.8,896400.0,156869.99999999994
Punjab,Bathinda,2018 - 2019,Rice,762000.0,1.5,1143000.0,0.8,914400.0,160019.99999999994
Punjab,Bathinda,2019 - 2020,Rice,764000.0,1.5,1146000.0,0.8,916800.0,160439.99999999994
Punjab,Bathinda,2020 - 2021,Rice,822000.0,1.5,1233000.0,0.8,986400.0,172619.99999999994
Punjab,Bathinda,2021 - 2022,Rice,829000.0,1.5,1243500.0,0.8,994800.0,174089.99999999994
Punjab,Bathinda,2022 - 2023,Rice,901000.0,1.5,1351500.0,0.8,1081200.0,189209.99999999994
Punjab,Faridkot,2010 - 2011,Rice,409000.0,1.5,613500.0,0.8,490800.0,85889.99999999997
Punjab,Faridkot,2011 - 2012,Rice,405000.0,1.5,607500.0,0.8,486000.0,85049.99999999997
Punjab,Faridkot,2012 - 2013,Rice,444000.0,1.5,666000.0,0.8,532800.0,93239.99999999997
Punjab,Faridkot,2013 - 2014,Rice,443000.0,1.5,664500.0,0.8,531600.0,93029.99999999997
Punjab,Faridkot,2014 - 2015,Rice,421000.0,1.5,631500.0,0.8,505200.0,88409.99999999997
Punjab,Faridkot,2015 - 2016,Rice,439000.0,1.5,658500.0,0.8,526800.0,92189.99999999997
Punjab,Faridkot,2016 - 2017,Rice,468000.0,1.5,702000.0,0.8,561600.0,98279.99999999997
Punjab,Faridkot,2017 - 2018,Rice,511000.0,1.5,766500.0,0.8,613200.0,107309.99999999997
Punjab,Faridkot,2018 - 2019,Rice,477000.0,1.5,715500.0,0.8,572400.0,100169.99999999997
Punjab,Faridkot,2019 - 2020,Rice,436000.0,1.5,654000.0,0.8,523200.0,91559.99999999997
Punjab,Faridkot,2020 - 2021,Rice,477000.0,1.5,715500.0,0.8,572400.0,100169.99999999997
Punjab,Faridkot,2021 - 2022,Rice,503000.0,1.5,754500.0,0.8,603600.0,105629.99999999997
Punjab,Faridkot,2022 - 2023,Rice,519000.0,1.5,778500.0,0.8,622800.0,108989.99999999997
Punjab,Fatehgarh sahib,2010 - 2011,Rice,366000.0,1.5,549000.0,0.8,439200.0,76859.99999999997
Punjab,Fatehgarh sahib,2011 - 2012,Rice,364000.0,1.5,546000.0,0.8,436800.0,76439.99999999997
Punjab,Fatehgarh sahib,2012 - 2013,Rice,384000.0,1.5,576000.0,0.8,460800.0,80639.99999999997
Punjab,Fatehgarh sahib,2013 - 2014,Rice,351000.0,1.5,526500.0,0.8,421200.0,73709.99999999997
Punjab,Fatehgarh sahib,2014 - 2015,Rice,374000.0,1.5,561000.0,0.8,448800.0,78539.99999999997
Punjab,Fatehgarh sahib,2015 - 2016,Rice,384000.0,1.5,576000.0,0.8,460800.0,80639.99999999997
Punjab,Fatehgarh sahib,2016 - 2017,Rice,405000.0,1.5,607500.0,0.8,486000.0,85049.99999999997
Punjab,Fatehgarh sahib,2017 - 2018,Rice,395000.0,1.5,592500.0,0.8,474000.0,82949.99999999997
Punjab,Fatehgarh sahib,2018 - 2019,Rice,347000.0,1.5,520500.0,0.8,416400.0,72869.99999999997
Punjab,Fatehgarh sahib,2019 - 2020,Rice,366000.0,1.5,549000.0,0.8,439200.0,76859.99999999997
Punjab,Fatehgarh sahib,2020 - 2021,Rice,414000.0,1.5,621000.0,0.8,496800.0,86939.99999999997
Punjab,Fatehgarh sahib,2021 - 2022,Rice,412000.0,1.5,618000.0,0.8,494400.0,86519.99999999997
Punjab,Fatehgarh sahib,2022 - 2023,Rice,352000.0,1.5,528000.0,0.8,422400.0,73919.99999999997
Punjab,Fazilka,2012 - 2013,Rice,291000.0,1.5,436500.0,0.8,349200.0,61109.999999999985
Punjab,Fazilka,2013 - 2014,Rice,293000.0,1.5,439500.0,0.8,351600.0,61529.999999999985
Punjab,Fazilka,2014 - 2015,Rice,297000.0,1.5,445500.0,0.8,356400.0,62369.999999999985
Punjab,Fazilka,2015 - 2016,Rice,298000.0,1.5,447000.0,0.8,357600.0,62579.999999999985
Punjab,Fazilka,2016 - 2017,Rice,391000.0,1.5,586500.0,0.8,469200.0,82109.99999999997
Punjab,Fazilka,2017 - 2018,Rice,355000.0,1.5,532500.0,0.8,426000.0,74549.99999999997
Punjab,Fazilka,2018 - 2019,Rice,376000.0,1.5,564000.0,0.8,451200.0,78959.99999999997
Punjab,Fazilka,2019 - 2020,Rice,775000.0,1.5,1162500.0,0.8,930000.0,162749.99999999994
Punjab,Fazilka,2020 - 2021,Rice,380000.0,1.5,570000.0,0.8,456000.0,79799.99999999997
Punjab,Fazilka,2021 - 2022,Rice,355000.0,1.5,532500.0,0.8,426000.0,74549.99999999997
Punjab,Fazilka,2022 - 2023,Rice,379000.0,1.5,568500.0,0.8,454800.0,79589.99999999997
Punjab,Firozepur,2010 - 2011,Rice,954000.0,1.5,1431000.0,0.8,1144800.0,200339.99999999994
Punjab,Firozepur,2011 - 2012,Rice,889000.0,1.5,1333500.0,0.8,1066800.0,186689.99999999994
Punjab,Firozepur,2012 - 2013,Rice,766000.0,1.5,1149000.0,0.8,919200.0,160859.99999999994
Punjab,Firozepur,2013 - 2014,Rice,766000.0,1.5,1149000.0,0.8,919200.0,160859.99999999994
Punjab,Firozepur,2014 - 2015,Rice,733000.0,1.5,1099500.0,0.8,879600.0,153929.99999999994
Punjab,Firozepur,2015 - 2016,Rice,729000.0,1.5,1093500.0,0.8,874800.0,153089.99999999994
Punjab,Firozepur,2016 - 2017,Rice,791000.0,1.5,1186500.0,0.8,949200.0,166109.99999999994
Punjab,Firozepur,2017 - 2018,Rice,842000.0,1.5,1263000.0,0.8,1010400.0,176819.99999999994
Punjab,Firozepur,2018 - 2019,Rice,829000.0,1.5,1243500.0,0.8,994800.0,174089.99999999994
Punjab,Firozepur,2019 - 2020,Rice,307000.0,1.5,460500.0,0.8,368400.0,64469.999999999985
Punjab,Firozepur,2020 - 2021,Rice,823000.0,1.5,1234500.0,0.8,987600.0,172829.99999999994
Punjab,Firozepur,2021 - 2022,Rice,827000.0,1.5,1240500.0,0.8,992400.0,173669.99999999994
Punjab,Firozepur,2022 - 2023,Rice,897000.0,1.5,1345500.0,0.8,1076400.0,188369.99999999994
Punjab,Gurdaspur,2010 - 2011,Rice,705000.0,1.5,1057500.0,0.8,846000.0,148049.99999999994
Punjab,Gurdaspur,2011 - 2012,Rice,649000.0,1.5,973500.0,0.8,778800.0,136289.99999999997
Punjab,Gurdaspur,2012 - 2013,Rice,542000.0,1.5,813000.0,0.8,650400.0,113819.99999999997
Punjab,Gurdaspur,2013 - 2014,Rice,507000.0,1.5,760500.0,0.8,608400.0,106469.99999999997
Punjab,Gurdaspur,2014 - 2015,Rice,452000.0,1.5,678000.0,0.8,542400.0,94919.99999999997
Punjab,Gurdaspur,2015 - 2016,Rice,500000.0,1.5,750000.0,0.8,600000.0,104999.99999999997
Punjab,Gurdaspur,2016 - 2017,Rice,557000.0,1.5,835500.0,0.8,668400.0,116969.99999999997
Punjab,Gurdaspur,2017 - 2018,Rice,643000.0,1.5,964500.0,0.8,771600.0,135029.99999999997
Punjab,Gurdaspur,2018 - 2019,Rice,632000.0,1.5,948000.0,0.8,758400.0,132719.99999999997
Punjab,Gurdaspur,2019 - 2020,Rice,637000.0,1.5,955500.0,0.8,764400.0,133769.99999999997
Punjab,Gurdaspur,2020 - 2021,Rice,680000.0,1.5,1020000.0,0.8,816000.0,142799.99999999994
Punjab,Gurdaspur,2021 - 2022,Rice,671000.0,1.5,1006500.0,0.8,805200.0,140909.99999999994
Punjab,Gurdaspur,2022 - 2023,Rice,631000.0,1.5,946500.0,0.8,757200.0,132509.99999999997
Punjab,Hoshiarpur,2010 - 2011,Rice,261000.0,1.5,391500.0,0.8,313200.0,54809.999999999985
Punjab,Hoshiarpur,2011 - 2012,Rice,269000.0,1.5,403500.0,0.8,322800.0,56489.999999999985
Punjab,Hoshiarpur,2012 - 2013,Rice,252000.0,1.5,378000.0,0.8,302400.0,52919.999999999985
Punjab,Hoshiarpur,2013 - 2014,Rice,252000.0,1.5,378000.0,0.8,302400.0,52919.999999999985
Punjab,Hoshiarpur,2014 - 2015,Rice,244000.0,1.5,366000.0,0.8,292800.0,51239.999999999985
Punjab,Hoshiarpur,2015 - 2016,Rice,255000.0,1.5,382500.0,0.8,306000.0,53549.999999999985
Punjab,Hoshiarpur,2016 - 2017,Rice,287000.0,1.5,430500.0,0.8,344400.0,60269.999999999985
Punjab,Hoshiarpur,2017 - 2018,Rice,292000.0,1.5,438000.0,0.8,350400.0,61319.999999999985
Punjab,Hoshiarpur,2018 - 2019,Rice,279000.0,1.5,418500.0,0.8,334800.0,58589.999999999985
Punjab,Hoshiarpur,2019 - 2020,Rice,312000.0,1.5,468000.0,0.8,374400.0,65519.999999999985
Punjab,Hoshiarpur,2020 - 2021,Rice,330000.0,1.5,495000.0,0.8,396000.0,69299.99999999997
Punjab,Hoshiarpur,2021 - 2022,Rice,291000.0,1.5,436500.0,0.8,349200.0,61109.999999999985
Punjab,Hoshiarpur,2022 - 2023,Rice,255000.0,1.5,382500.0,0.8,306000.0,53549.999999999985
Punjab,Jalandhar,2010 - 2011,Rice,588000.0,1.5,882000.0,0.8,705600.0,123479.99999999997
Punjab,Jalandhar,2011 - 2012,Rice,583000.0,1.5,874500.0,0.8,699600.0,122429.99999999997
Punjab,Jalandhar,2012 - 2013,Rice,625000.0,1.5,937500.0,0.8,750000.0,131249.99999999997
Punjab,Jalandhar,2013 - 2014,Rice,596000.0,1.5,894000.0,0.8,715200.0,125159.99999999997
Punjab,Jalandhar,2014 - 2015,Rice,616000.0,1.5,924000.0,0.8,739200.0,129359.99999999997
Punjab,Jalandhar,2015 - 2016,Rice,653000.0,1.5,979500.0,0.8,783600.0,137129.99999999997
Punjab,Jalandhar,2016 - 2017,Rice,699000.0,1.5,1048500.0,0.8,838800.0,146789.99999999994
Punjab,Jalandhar,2017 - 2018,Rice,715000.0,1.5,1072500.0,0.8,858000.0,150149.99999999994
Punjab,Jalandhar,2018 - 2019,Rice,719000.0,1.5,1078500.0,0.8,862800.0,150989.99999999994
Punjab,Jalandhar,2019 - 2020,Rice,713000.0,1.5,1069500.0,0.8,855600.0,149729.99999999994
Punjab,Jalandhar,2020 - 2021,Rice,797000.0,1.5,1195500.0,0.8,956400.0,167369.99999999994
Punjab,Jalandhar,2021 - 2022,Rice,747000.0,1.5,1120500.0,0.8,896400.0,156869.99999999994
Punjab,Jalandhar,2022 - 2023,Rice,733000.0,1.5,1099500.0,0.8,879600.0,153929.99999999994
Punjab,Kapurthala,2010 - 2011,Rice,460000.0,1.5,690000.0,0.8,552000.0,96599.99999999997
Punjab,Kapurthala,2011 - 2012,Rice,433000.0,1.5,649500.0,0.8,519600.0,90929.99999999997
Punjab,Kapurthala,2012 - 2013,Rice,445000.0,1.5,667500.0,0.8,534000.0,93449.99999999997
Punjab,Kapurthala,2013 - 2014,Rice,451000.0,1.5,676500.0,0.8,541200.0,94709.99999999997
Punjab,Kapurthala,2014 - 2015,Rice,439000.0,1.5,658500.0,0.8,526800.0,92189.99999999997
Punjab,Kapurthala,2015 - 2016,Rice,474000.0,1.5,711000.0,0.8,568800.0,99539.99999999997
Punjab,Kapurthala,2016 - 2017,Rice,483000.0,1.5,724500.0,0.8,579600.0,101429.99999999997
Punjab,Kapurthala,2017 - 2018,Rice,513000.0,1.5,769500.0,0.8,615600.0,107729.99999999997
Punjab,Kapurthala,2018 - 2019,Rice,512000.0,1.5,768000.0,0.8,614400.0,107519.99999999997
Punjab,Kapurthala,2019 - 2020,Rice,496000.0,1.5,744000.0,0.8,595200.0,104159.99999999997
Punjab,Kapurthala,2020 - 2021,Rice,511000.0,1.5,766500.0,0.8,613200.0,107309.99999999997
Punjab,Kapurthala,2021 - 2022,Rice,503000.0,1.5,754500.0,0.8,603600.0,105629.99999999997
Punjab,Kapurthala,2022 - 2023,Rice,509000.0,1.5,763500.0,0.8,610800.0,106889.99999999997
Punjab,Ludhiana,2010 - 2011,Rice,1133000.0,1.5,1699500.0,0.8,1359600.0,237929.99999999994
Punjab,Ludhiana,2011 - 2012,Rice,1094000.0,1.5,1641000.0,0.8,1312800.0,229739.99999999994
Punjab,Ludhiana,2012 - 2013,Rice,1169000.0,1.5,1753500.0,0.8,1402800.0,245489.99999999994
Punjab,Ludhiana,2013 - 2014,Rice,1137000.0,1.5,1705500.0,0.8,1364400.0,238769.99999999994
Punjab,Ludhiana,2014 - 2015,Rice,1119000.0,1.5,1678500.0,0.8,1342800.0,234989.99999999994
Punjab,Ludhiana,2015 - 2016,Rice,1181000.0,1.5,1771500.0,0.8,1417200.0,248009.99999999994
Punjab,Ludhiana,2016 - 2017,Rice,1247000.0,1.5,1870500.0,0.8,1496400.0,261869.99999999994
Punjab,Ludhiana,2017 - 2018,Rice,1224000.0,1.5,1836000.0,0.8,1468800.0,257039.99999999994
Punjab,Ludhiana,2018 - 2019,Rice,1153000.0,1.5,1729500.0,0.8,1383600.0,242129.99999999994
Punjab,Ludhiana,2019 - 2020,Rice,1211000.0,1.5,1816500.0,0.8,1453200.0,254309.99999999994
Punjab,Ludhiana,2020 - 2021,Rice,1264000.0,1.5,1896000.0,0.8,1516800.0,265439.99999999994
Punjab,Ludhiana,2021 - 2022,Rice,1246000.0,1.5,1869000.0,0.8,1495200.0,261659.99999999994
Punjab,Ludhiana,2022 - 2023,Rice,1236000.0,1.5,1854000.0,0.8,1483200.0,259559.99999999994
Punjab,Malerkotla,2021 - 2022,Rice,279000.0,1.5,418500.0,0.8,334800.0,58589.999999999985
Punjab,Malerkotla,2022 - 2023,Rice,277000.0,1.5,415500.0,0.8,332400.0,58169.999999999985
Punjab,Mansa,2010 - 2011,Rice,316000.0,1.5,474000.0,0.8,379200.0,66359.99999999999
Punjab,Mansa,2011 - 2012,Rice,292000.0,1.5,438000.0,0.8,350400.0,61319.999999999985
Punjab,Mansa,2012 - 2013,Rice,321000.0,1.5,481500.0,0.8,385200.0,67409.99999999999
Punjab,Mansa,2013 - 2014,Rice,334000.0,1.5,501000.0,0.8,400800.0,70139.99999999997
Punjab,Mansa,2014 - 2015,Rice,296000.0,1.5,444000.0,0.8,355200.0,62159.999999999985
Punjab,Mansa,2015 - 2016,Rice,363000.0,1.5,544500.0,0.8,435600.0,76229.99999999997
Punjab,Mansa,2016 - 2017,Rice,442000.0,1.5,663000.0,0.8,530400.0,92819.99999999997
Punjab,Mansa,2017 - 2018,Rice,499000.0,1.5,748500.0,0.8,598800.0,104789.99999999997
Punjab,Mansa,2018 - 2019,Rice,514000.0,1.5,771000.0,0.8,616800.0,107939.99999999997
Punjab,Mansa,2019 - 2020,Rice,489000.0,1.5,733500.0,0.8,586800.0,102689.99999999997
Punjab,Mansa,2020 - 2021,Rice,578000.0,1.5,867000.0,0.8,693600.0,121379.99999999997
Punjab,Mansa,2021 - 2022,Rice,561000.0,1.5,841500.0,0.8,673200.0,117809.99999999997
Punjab,Mansa,2022 - 2023,Rice,593000.0,1.5,889500.0,0.8,711600.0,124529.99999999997
Punjab,Moga,2010 - 2011,Rice,745000.0,1.5,1117500.0,0.8,894000.0,156449.99999999994
Punjab,Moga,2011 - 2012,Rice,759000.0,1.5,1138500.0,0.8,910800.0,159389.99999999994
Punjab,Moga,2012 - 2013,Rice,794000.0,1.5,1191000.0,0.8,952800.0,166739.99999999994
Punjab,Moga,2013 - 2014,Rice,815000.0,1.5,1222500.0,0.8,978000.0,171149.99999999994
Punjab,Moga,2014 - 2015,Rice,815000.0,1.5,1222500.0,0.8,978000.0,171149.99999999994
Punjab,Moga,2015 - 2016,Rice,871000.0,1.5,1306500.0,0.8,1045200.0,182909.99999999994
Punjab,Moga,2016 - 2017,Rice,816000.0,1.5,1224000.0,0.8,979200.0,171359.99999999994
Punjab,Moga,2017 - 2018,Rice,869000.0,1.5,1303500.0,0.8,1042800.0,182489.99999999994
Punjab,Moga,2018 - 2019,Rice,817000.0,1.5,1225500.0,0.8,980400.0,171569.99999999994
Punjab,Moga,2019 - 2020,Rice,826000.0,1.5,1239000.0,0.8,991200.0,173459.99999999994
Punjab,Moga,2020 - 2021,Rice,892000.0,1.5,1338000.0,0.8,1070400.0,187319.99999999994
Punjab,Moga,2021 - 2022,Rice,861000.0,1.5,1291500.0,0.8,1033200.0,180809.99999999994
Punjab,Moga,2022 - 2023,Rice,927000.0,1.5,1390500.0,0.8,1112400.0,194669.99999999994
Punjab,Muktsar,2010 - 2011,Rice,432000.0,1.5,648000.0,0.8,518400.0,90719.99999999997
Punjab,Muktsar,2011 - 2012,Rice,402000.0,1.5,603000.0,0.8,482400.0,84419.99999999997
Punjab,Muktsar,2012 - 2013,Rice,471000.0,1.5,706500.0,0.8,565200.0,98909.99999999997
Punjab,Muktsar,2013 - 2014,Rice,457000.0,1.5,685500.0,0.8,548400.0,95969.99999999997
Punjab,Muktsar,2014 - 2015,Rice,514000.0,1.5,771000.0,0.8,616800.0,107939.99999999997
Punjab,Muktsar,2015 - 2016,Rice,667000.0,1.5,1000500.0,0.8,800400.0,140069.99999999994
Punjab,Muktsar,2016 - 2017,Rice,699000.0,1.5,1048500.0,0.8,838800.0,146789.99999999994
Punjab,Muktsar,2017 - 2018,Rice,687000.0,1.5,1030500.0,0.8,824400.0,144269.99999999994
Punjab,Muktsar,2018 - 2019,Rice,728000.0,1.5,1092000.0,0.8,873600.0,152879.99999999994
Punjab,Muktsar,2019 - 2020,Rice,637000.0,1.5,955500.0,0.8,764400.0,133769.99999999997
Punjab,Muktsar,2020 - 2021,Rice,809000.0,1.5,1213500.0,0.8,970800.0,169889.99999999994
Punjab,Muktsar,2021 - 2022,Rice,766000.0,1.5,1149000.0,0.8,919200.0,160859.99999999994
Punjab,Muktsar,2022 - 2023,Rice,754000.0,1.5,1131000.0,0.8,904800.0,158339.99999999994
Punjab,Nawanshahr,2010 - 2011,Rice,231000.0,1.5,346500.0,0.8,277200.0,48509.999999999985
Punjab,Nawanshahr,2011 - 2012,Rice,226000.0,1.5,339000.0,0.8,271200.0,47459.999999999985
Punjab,Nawanshahr,2012 - 2013,Rice,236000.0,1.5,354000.0,0.8,283200.0,49559.999999999985
Punjab,Nawanshahr,2013 - 2014,Rice,202000.0,1.5,303000.0,0.8,242400.0,42419.999999999985
Punjab,Nawanshahr,2014 - 2015,Rice,226000.0,1.5,339000.0,0.8,271200.0,47459.999999999985
Punjab,Nawanshahr,2015 - 2016,Rice,252000.0,1.5,378000.0,0.8,302400.0,52919.999999999985
Punjab,Nawanshahr,2016 - 2017,Rice,260000.0,1.5,390000.0,0.8,312000.0,54599.999999999985
Punjab,Nawanshahr,2017 - 2018,Rice,282000.0,1.5,423000.0,0.8,338400.0,59219.999999999985
Punjab,Nawanshahr,2018 - 2019,Rice,237000.0,1.5,355500.0,0.8,284400.0,49769.999999999985
Punjab,Nawanshahr,2019 - 2020,Rice,251000.0,1.5,376500.0,0.8,301200.0,52709.999999999985
Punjab,Nawanshahr,2020 - 2021,Rice,270000.0,1.5,405000.0,0.8,324000.0,56699.999999999985
Punjab,Nawanshahr,2021 - 2022,Rice,275000.0,1.5,412500.0,0.8,330000.0,57749.999999999985
Punjab,Nawanshahr,2022 - 2023,Rice,224000.0,1.5,336000.0,0.8,268800.0,47039.999999999985
Punjab,Pathankot,2012 - 2013,Rice,76000.0,1.5,114000.0,0.8,91200.0,15959.999999999996
Punjab,Pathankot,2013 - 2014,Rice,78000.0,1.5,117000.0,0.8,93600.0,16379.999999999996
Punjab,Pathankot,2014 - 2015,Rice,72000.0,1.5,108000.0,0.8,86400.0,15119.999999999996
Punjab,Pathankot,2015 - 2016,Rice,88000.0,1.5,132000.0,0.8,105600.0,18479.999999999993
Punjab,Pathankot,2016 - 2017,Rice,77000.0,1.5,115500.0,0.8,92400.0,16169.999999999996
Punjab,Pathankot,2017 - 2018,Rice,86000.0,1.5,129000.0,0.8,103200.0,18059.999999999993
Punjab,Pathankot,2018 - 2019,Rice,91000.0,1.5,136500.0,0.8,109200.0,19109.999999999993
Punjab,Pathankot,2019 - 2020,Rice,86000.0,1.5,129000.0,0.8,103200.0,18059.999999999993
Punjab,Pathankot,2020 - 2021,Rice,105000.0,1.5,157500.0,0.8,126000.0,22049.999999999993
Punjab,Pathankot,2021 - 2022,Rice,97000.0,1.5,145500.0,0.8,116400.0,20369.999999999993
Punjab,Pathankot,2022 - 2023,Rice,82000.0,1.5,123000.0,0.8,98400.0,17219.999999999993
Punjab,Patiala,2010 - 2011,Rice,873000.0,1.5,1309500.0,0.8,1047600.0,183329.99999999994
Punjab,Patiala,2011 - 2012,Rice,903000.0,1.5,1354500.0,0.8,1083600.0,189629.99999999994
Punjab,Patiala,2012 - 2013,Rice,922000.0,1.5,1383000.0,0.8,1106400.0,193619.99999999994
Punjab,Patiala,2013 - 2014,Rice,959000.0,1.5,1438500.0,0.8,1150800.0,201389.99999999994
Punjab,Patiala,2014 - 2015,Rice,904000.0,1.5,1356000.0,0.8,1084800.0,189839.99999999994
Punjab,Patiala,2015 - 2016,Rice,910000.0,1.5,1365000.0,0.8,1092000.0,191099.99999999994
Punjab,Patiala,2016 - 2017,Rice,984000.0,1.5,1476000.0,0.8,1180800.0,206639.99999999994
Punjab,Patiala,2017 - 2018,Rice,1001000.0,1.5,1501500.0,0.8,1201200.0,210209.99999999994
Punjab,Patiala,2018 - 2019,Rice,920000.0,1.5,1380000.0,0.8,1104000.0,193199.99999999994
Punjab,Patiala,2019 - 2020,Rice,928000.0,1.5,1392000.0,0.8,1113600.0,194879.99999999994
Punjab,Patiala,2020 - 2021,Rice,1048000.0,1.5,1572000.0,0.8,1257600.0,220079.99999999994
Punjab,Patiala,2021 - 2022,Rice,1008000.0,1.5,1512000.0,0.8,1209600.0,211679.99999999994
Punjab,Patiala,2022 - 2023,Rice,966000.0,1.5,1449000.0,0.8,1159200.0,202859.99999999994
Punjab,Rupnagar,2010 - 2011,Rice,147000.0,1.5,220500.0,0.8,176400.0,30869.999999999993
Punjab,Rupnagar,2011 - 2012,Rice,127000.0,1.5,190500.0,0.8,152400.0,26669.999999999993
Punjab,Rupnagar,2012 - 2013,Rice,145000.0,1.5,217500.0,0.8,174000.0,30449.999999999993
Punjab,Rupnagar,2013 - 2014,Rice,128000.0,1.5,192000.0,0.8,153600.0,26879.999999999993
Punjab,Rupnagar,2014 - 2015,Rice,129000.0,1.5,193500.0,0.8,154800.0,27089.999999999993
Punjab,Rupnagar,2015 - 2016,Rice,161000.0,1.5,241500.0,0.8,193200.0,33809.99999999999
Punjab,Rupnagar,2016 - 2017,Rice,172000.0,1.5,258000.0,0.8,206400.0,36119.999999999985
Punjab,Rupnagar,2017 - 2018,Rice,170000.0,1.5,255000.0,0.8,204000.0,35699.999999999985
Punjab,Rupnagar,2018 - 2019,Rice,142000.0,1.5,213000.0,0.8,170400.0,29819.999999999993
Punjab,Rupnagar,2019 - 2020,Rice,144000.0,1.5,216000.0,0.8,172800.0,30239.999999999993
Punjab,Rupnagar,2020 - 2021,Rice,180000.0,1.5,270000.0,0.8,216000.0,37799.999999999985
Punjab,Rupnagar,2021 - 2022,Rice,169000.0,1.5,253500.0,0.8,202800.0,35489.999999999985
Punjab,Rupnagar,2022 - 2023,Rice,149000.0,1.5,223500.0,0.8,178800.0,31289.999999999993
Punjab,S.a.s nagar,2010 - 2011,Rice,127000.0,1.5,190500.0,0.8,152400.0,26669.999999999993
Punjab,S.a.s nagar,2011 - 2012,Rice,119000.0,1.5,178500.0,0.8,142800.0,24989.999999999993
Punjab,S.a.s nagar,2012 - 2013,Rice,117000.0,1.5,175500.0,0.8,140400.0,24569.999999999993
Punjab,S.a.s nagar,2013 - 2014,Rice,95000.0,1.5,142500.0,0.8,114000.0,19949.999999999993
Punjab,S.a.s nagar,2014 - 2015,Rice,94000.0,1.5,141000.0,0.8,112800.0,19739.999999999993
Punjab,S.a.s nagar,2015 - 2016,Rice,116000.0,1.5,174000.0,0.8,139200.0,24359.999999999993
Punjab,S.a.s nagar,2016 - 2017,Rice,112000.0,1.5,168000.0,0.8,134400.0,23519.999999999993
Punjab,S.a.s nagar,2017 - 2018,Rice,108000.0,1.5,162000.0,0.8,129600.0,22679.999999999993
Punjab,S.a.s nagar,2018 - 2019,Rice,102000.0,1.5,153000.0,0.8,122400.0,21419.999999999993
Punjab,S.a.s nagar,2019 - 2020,Rice,105000.0,1.5,157500.0,0.8,126000.0,22049.999999999993
Punjab,S.a.s nagar,2020 - 2021,Rice,101000.0,1.5,151500.0,0.8,121200.0,21209.999999999993
Punjab,S.a.s nagar,2021 - 2022,Rice,113000.0,1.5,169500.0,0.8,135600.0,23729.999999999993
Punjab,S.a.s nagar,2022 - 2023,Rice,127000.0,1.5,190500.0,0.8,152400.0,26669.999999999993
Punjab,Sangrur,2010 - 2011,Rice,1185000.0,1.5,1777500.0,0.8,1422000.0,248849.99999999994
Punjab,Sangrur,2011 - 2012,Rice,1188000.0,1.5,1782000.0,0.8,1425600.0,249479.99999999994
Punjab,Sangrur,2012 - 2013,Rice,1299000.0,1.5,1948500.0,0.8,1558800.0,272789.99999999994
Punjab,Sangrur,2013 - 2014,Rice,1290000.0,1.5,1935000.0,0.8,1548000.0,270899.99999999994
Punjab,Sangrur,2014 - 2015,Rice,1281000.0,1.5,1921500.0,0.8,1537200.0,269009.99999999994
Punjab,Sangrur,2015 - 2016,Rice,1334000.0,1.5,2001000.0,0.8,1600800.0,280139.9999999999
Punjab,Sangrur,2016 - 2017,Rice,1355000.0,1.5,2032500.0,0.8,1626000.0,284549.9999999999
Punjab,Sangrur,2017 - 2018,Rice,1442000.0,1.5,2163000.0,0.8,1730400.0,302819.9999999999
Punjab,Sangrur,2018 - 2019,Rice,1353000.0,1.5,2029500.0,0.8,1623600.0,284129.9999999999
Punjab,Sangrur,2019 - 2020,Rice,1362000.0,1.5,2043000.0,0.8,1634400.0,286019.9999999999
Punjab,Sangrur,2020 - 2021,Rice,1531000.0,1.5,2296500.0,0.8,1837200.0,321509.9999999999
Punjab,Sangrur,2021 - 2022,Rice,1195000.0,1.5,1792500.0,0.8,1434000.0,250949.99999999994
Punjab,Sangrur,2022 - 2023,Rice,1231000.0,1.5,1846500.0,0.8,1477200.0,258509.99999999994
Punjab,Tarn taran,2010 - 2011,Rice,500000.0,1.5,750000.0,0.8,600000.0,104999.99999999997
Punjab,Tarn taran,2011 - 2012,Rice,490000.0,1.5,735000.0,0.8,588000.0,102899.99999999997
Punjab,Tarn taran,2012 - 2013,Rice,599000.0,1.5,898500.0,0.8,718800.0,125789.99999999997
Punjab,Tarn taran,2013 - 2014,Rice,594000.0,1.5,891000.0,0.8,712800.0,124739.99999999997
Punjab,Tarn taran,2014 - 2015,Rice,540000.0,1.5,810000.0,0.8,648000.0,113399.99999999997
Punjab,Tarn taran,2015 - 2016,Rice,504000.0,1.5,756000.0,0.8,604800.0,105839.99999999997
Punjab,Tarn taran,2016 - 2017,Rice,614000.0,1.5,921000.0,0.8,736800.0,128939.99999999997
Punjab,Tarn taran,2017 - 2018,Rice,759000.0,1.5,1138500.0,0.8,910800.0,159389.99999999994
Punjab,Tarn taran,2018 - 2019,Rice,728000.0,1.5,1092000.0,0.8,873600.0,152879.99999999994
Punjab,Tarn taran,2019 - 2020,Rice,707000.0,1.5,1060500.0,0.8,848400.0,148469.99999999994
Punjab,Tarn taran,2020 - 2021,Rice,761000.0,1.5,1141500.0,0.8,913200.0,159809.99999999994
Punjab,Tarn taran,2021 - 2022,Rice,724000.0,1.5,1086000.0,0.8,868800.0,152039.99999999994
Punjab,Tarn taran,2022 - 2023,Rice,764000.0,1.5,1146000.0,0.8,916800.0,160439.99999999994
Punjab,Amritsar,2010 - 2011,Wheat,810000.0,1.1,891000.0000000001,0.5,445500.00000000006,311850.0
Punjab,Amritsar,2011 - 2012,Wheat,945000.0,1.1,1039500.0000000001,0.5,519750.00000000006,363825.0
Punjab,Amritsar,2012 - 2013,Wheat,884000.0,1.1,972400.0000000001,0.5,486200.00000000006,340340.0
Punjab,Amritsar,2013 - 2014,Wheat,934000.0,1.1,1027400.0000000001,0.5,513700.00000000006,359590.0
Punjab,Amritsar,2014 - 2015,Wheat,736000.0,1.1,809600.0000000001,0.5,404800.00000000006,283360.0
Punjab,Amritsar,2015 - 2016,Wheat,842000.0,1.1,926200.0000000001,0.5,463100.00000000006,324170.0
Punjab,Amritsar,2016 - 2017,Wheat,930000.0,1.1,1023000.0000000001,0.5,511500.00000000006,358050.0
Punjab,Amritsar,2017 - 2018,Wheat,920000.0,1.1,1012000.0000000001,0.5,506000.00000000006,354200.0
Punjab,Amritsar,2018 - 2019,Wheat,910000.0,1.1,1001000.0000000001,0.5,500500.00000000006,350350.0
Punjab,Amritsar,2019 - 2020,Wheat,852000.0,1.1,937200.0000000001,0.5,468600.00000000006,328020.0
Punjab,Amritsar,2020 - 2021,Wheat,900000.0,1.1,990000.0000000001,0.5,495000.00000000006,346500.0
Punjab,Amritsar,2021 - 2022,Wheat,843000.0,1.1,927300.0000000001,0.5,463650.00000000006,324555.0
Punjab,Amritsar,2022 - 2023,Wheat,905400.0,1.1,995940.0000000001,0.5,497970.00000000006,348579.0
Punjab,Barnala,2010 - 2011,Wheat,572000.0,1.1,629200.0,0.5,314600.0,220220.0
Punjab,Barnala,2011 - 2012,Wheat,615000.0,1.1,676500.0,0.5,338250.0,236774.99999999997
Punjab,Barnala,2012 - 2013,Wheat,567000.0,1.1,623700.0,0.5,311850.0,218295.0
Punjab,Barnala,2013 - 2014,Wheat,596000.0,1.1,655600.0,0.5,327800.0,229459.99999999997
Punjab,Barnala,2014 - 2015,Wheat,527000.0,1.1,579700.0,0.5,289850.0,202895.0
Punjab,Barnala,2015 - 2016,Wheat,565000.0,1.1,621500.0,0.5,310750.0,217525.0
Punjab,Barnala,2016 - 2017,Wheat,626000.0,1.1,688600.0,0.5,344300.0,241009.99999999997
Punjab,Barnala,2017 - 2018,Wheat,609000.0,1.1,669900.0,0.5,334950.0,234464.99999999997
Punjab,Barnala,2018 - 2019,Wheat,641000.0,1.1,705100.0,0.5,352550.0,246784.99999999997
Punjab,Barnala,2019 - 2020,Wheat,599000.0,1.1,658900.0,0.5,329450.0,230614.99999999997
Punjab,Barnala,2020 - 2021,Wheat,546000.0,1.1,600600.0,0.5,300300.0,210210.0
Punjab,Barnala,2021 - 2022,Wheat,525000.0,1.1,577500.0,0.5,288750.0,202125.0
Punjab,Barnala,2022 - 2023,Wheat,574100.0,1.1,631510.0,0.5,315755.0,221028.5
Punjab,Bathinda,2010 - 2011,Wheat,1166000.0,1.1,1282600.0,0.5,641300.0,448910.0
Punjab,Bathinda,2011 - 2012,Wheat,1260000.0,1.1,1386000.0,0.5,693000.0,485099.99999999994
Punjab,Bathinda,2012 - 2013,Wheat,1216000.0,1.1,1337600.0,0.5,668800.0,468159.99999999994
Punjab,Bathinda,2013 - 2014,Wheat,1259000.0,1.1,1384900.0,0.5,692450.0,484714.99999999994
Punjab,Bathinda,2014 - 2015,Wheat,1218000.0,1.1,1339800.0,0.5,669900.0,468929.99999999994
Punjab,Bathinda,2015 - 2016,Wheat,1184000.0,1.1,1302400.0,0.5,651200.0,455840.0
Punjab,Bathinda,2016 - 2017,Wheat,1335000.0,1.1,1468500.0000000002,0.5,734250.0000000001,513975.00000000006
Punjab,Bathinda,2017 - 2018,Wheat,1345000.0,1.1,1479500.0000000002,0.5,739750.0000000001,517825.00000000006
Punjab,Bathinda,2018 - 2019,Wheat,1428000.0,1.1,1570800.0000000002,0.5,785400.0000000001,549780.0
Punjab,Bathinda,2019 - 2020,Wheat,1387000.0,1.1,1525700.0000000002,0.5,762850.0000000001,533995.0
Punjab,Bathinda,2020 - 2021,Wheat,1266000.0,1.1,1392600.0,0.5,696300.0,487409.99999999994
Punjab,Bathinda,2021 - 2022,Wheat,1149000.0,1.1,1263900.0,0.5,631950.0,442365.0
Punjab,Bathinda,2022 - 2023,Wheat,1257300.0,1.1,1383030.0,0.5,691515.0,484060.49999999994
Punjab,Faridkot,2010 - 2011,Wheat,563000.0,1.1,619300.0,0.5,309650.0,216755.0
Punjab,Faridkot,2011 - 2012,Wheat,616000.0,1.1,677600.0,0.5,338800.0,237159.99999999997
Punjab,Faridkot,2012 - 2013,Wheat,553000.0,1.1,608300.0,0.5,304150.0,212905.0
Punjab,Faridkot,2013 - 2014,Wheat,601000.0,1.1,661100.0,0.5,330550.0,231384.99999999997
Punjab,Faridkot,2014 - 2015,Wheat,558000.0,1.1,613800.0,0.5,306900.0,214830.0
Punjab,Faridkot,2015 - 2016,Wheat,550000.0,1.1,605000.0,0.5,302500.0,211750.0
Punjab,Faridkot,2016 - 2017,Wheat,609000.0,1.1,669900.0,0.5,334950.0,234464.99999999997
Punjab,Faridkot,2017 - 2018,Wheat,619000.0,1.1,680900.0,0.5,340450.0,238314.99999999997
Punjab,Faridkot,2018 - 2019,Wheat,620000.0,1.1,682000.0,0.5,341000.0,238699.99999999997
Punjab,Faridkot,2019 - 2020,Wheat,646000.0,1.1,710600.0,0.5,355300.0,248709.99999999997
Punjab,Faridkot,2020 - 2021,Wheat,588000.0,1.1,646800.0,0.5,323400.0,226380.0
Punjab,Faridkot,2021 - 2022,Wheat,529000.0,1.1,581900.0,0.5,290950.0,203665.0
Punjab,Faridkot,2022 - 2023,Wheat,504500.0,1.1,554950.0,0.5,277475.0,194232.5
Punjab,Fatehgarh sahib,2010 - 2011,Wheat,417000.0,1.1,458700.00000000006,0.5,229350.00000000003,160545.0
Punjab,Fatehgarh sahib,2011 - 2012,Wheat,449000.0,1.1,493900.00000000006,0.5,246950.00000000003,172865.0
Punjab,Fatehgarh sahib,2012 - 2013,Wheat,440000.0,1.1,484000.00000000006,0.5,242000.00000000003,169400.0
Punjab,Fatehgarh sahib,2013 - 2014,Wheat,427000.0,1.1,469700.00000000006,0.5,234850.00000000003,164395.0
Punjab,Fatehgarh sahib,2014 - 2015,Wheat,340000.0,1.1,374000.00000000006,0.5,187000.00000000003,130900.00000000001
Punjab,Fatehgarh sahib,2015 - 2016,Wheat,394000.0,1.1,433400.00000000006,0.5,216700.00000000003,151690.0
Punjab,Fatehgarh sahib,2016 - 2017,Wheat,436000.0,1.1,479600.00000000006,0.5,239800.00000000003,167860.0
Punjab,Fatehgarh sahib,2017 - 2018,Wheat,454000.0,1.1,499400.00000000006,0.5,249700.00000000003,174790.0
Punjab,Fatehgarh sahib,2018 - 2019,Wheat,440000.0,1.1,484000.00000000006,0.5,242000.00000000003,169400.0
Punjab,Fatehgarh sahib,2019 - 2020,Wheat,374000.0,1.1,411400.00000000006,0.5,205700.00000000003,143990.0
Punjab,Fatehgarh sahib,2020 - 2021,Wheat,422000.0,1.1,464200.00000000006,0.5,232100.00000000003,162470.0
Punjab,Fatehgarh sahib,2021 - 2022,Wheat,290000.0,1.1,319000.0,0.5,159500.0,111650.0
Punjab,Fatehgarh sahib,2022 - 2023,Wheat,404700.0,1.1,445170.00000000006,0.5,222585.00000000003,155809.5
Punjab,Fazilka,2012 - 2013,Wheat,972000.0,1.1,1069200.0,0.5,534600.0,374220.0
Punjab,Fazilka,2013 - 2014,Wheat,1039000.0,1.1,1142900.0,0.5,571450.0,400015.0
Punjab,Fazilka,2014 - 2015,Wheat,913000.0,1.1,1004300.0000000001,0.5,502150.00000000006,351505.0
Punjab,Fazilka,2015 - 2016,Wheat,939000.0,1.1,1032900.0000000001,0.5,516450.00000000006,361515.0
Punjab,Fazilka,2016 - 2017,Wheat,1023000.0,1.1,1125300.0,0.5,562650.0,393855.0
Punjab,Fazilka,2017 - 2018,Wheat,1007000.0,1.1,1107700.0,0.5,553850.0,387695.0
Punjab,Fazilka,2018 - 2019,Wheat,1052000.0,1.1,1157200.0,0.5,578600.0,405020.0
Punjab,Fazilka,2019 - 2020,Wheat,1016000.0,1.1,1117600.0,0.5,558800.0,391160.0
Punjab,Fazilka,2020 - 2021,Wheat,984000.0,1.1,1082400.0,0.5,541200.0,378840.0
Punjab,Fazilka,2021 - 2022,Wheat,873000.0,1.1,960300.0000000001,0.5,480150.00000000006,336105.0
Punjab,Fazilka,2022 - 2023,Wheat,925000.0,1.1,1017500.0000000001,0.5,508750.00000000006,356125.0
Punjab,Firozepur,2010 - 2011,Wheat,1850000.0,1.1,2035000.0000000002,0.5,1017500.0000000001,712250.0
Punjab,Firozepur,2011 - 2012,Wheat,1969000.0,1.1,2165900.0,0.5,1082950.0,758065.0
Punjab,Firozepur,2012 - 2013,Wheat,911000.0,1.1,1002100.0000000001,0.5,501050.00000000006,350735.0
Punjab,Firozepur,2013 - 2014,Wheat,1001000.0,1.1,1101100.0,0.5,550550.0,385385.0
Punjab,Firozepur,2014 - 2015,Wheat,877000.0,1.1,964700.0000000001,0.5,482350.00000000006,337645.0
Punjab,Firozepur,2015 - 2016,Wheat,862000.0,1.1,948200.0000000001,0.5,474100.00000000006,331870.0
Punjab,Firozepur,2016 - 2017,Wheat,959000.0,1.1,1054900.0,0.5,527450.0,369215.0
Punjab,Firozepur,2017 - 2018,Wheat,977000.0,1.1,1074700.0,0.5,537350.0,376145.0
Punjab,Firozepur,2018 - 2019,Wheat,1010000.0,1.1,1111000.0,0.5,555500.0,388850.0
Punjab,Firozepur,2019 - 2020,Wheat,957000.0,1.1,1052700.0,0.5,526350.0,368445.0
Punjab,Firozepur,2020 - 2021,Wheat,967000.0,1.1,1063700.0,0.5,531850.0,372295.0
Punjab,Firozepur,2021 - 2022,Wheat,821000.0,1.1,903100.0000000001,0.5,451550.00000000006,316085.0
Punjab,Firozepur,2022 - 2023,Wheat,906000.0,1.1,996600.0000000001,0.5,498300.00000000006,348810.0
Punjab,Gurdaspur,2010 - 2011,Wheat,919000.0,1.1,1010900.0000000001,0.5,505450.00000000006,353815.0
Punjab,Gurdaspur,2011 - 2012,Wheat,1098000.0,1.1,1207800.0,0.5,603900.0,422730.0
Punjab,Gurdaspur,2012 - 2013,Wheat,825000.0,1.1,907500.0000000001,0.5,453750.00000000006,317625.0
Punjab,Gurdaspur,2013 - 2014,Wheat,822000.0,1.1,904200.0000000001,0.5,452100.00000000006,316470.0
Punjab,Gurdaspur,2014 - 2015,Wheat,627000.0,1.1,689700.0,0.5,344850.0,241394.99999999997
Punjab,Gurdaspur,2015 - 2016,Wheat,856000.0,1.1,941600.0000000001,0.5,470800.00000000006,329560.0
Punjab,Gurdaspur,2016 - 2017,Wheat,848000.0,1.1,932800.0000000001,0.5,466400.00000000006,326480.0
Punjab,Gurdaspur,2017 - 2018,Wheat,876000.0,1.1,963600.0000000001,0.5,481800.00000000006,337260.0
Punjab,Gurdaspur,2018 - 2019,Wheat,868000.0,1.1,954800.0000000001,0.5,477400.00000000006,334180.0
Punjab,Gurdaspur,2019 - 2020,Wheat,772000.0,1.1,849200.0000000001,0.5,424600.00000000006,297220.0
Punjab,Gurdaspur,2020 - 2021,Wheat,840000.0,1.1,924000.0000000001,0.5,462000.00000000006,323400.0
Punjab,Gurdaspur,2021 - 2022,Wheat,777000.0,1.1,854700.0000000001,0.5,427350.00000000006,299145.0
Punjab,Gurdaspur,2022 - 2023,Wheat,820400.0,1.1,902440.0000000001,0.5,451220.00000000006,315854.0
Punjab,Hoshiarpur,2010 - 2011,Wheat,661000.0,1.1,727100.0000000001,0.5,363550.00000000006,254485.00000000003
Punjab,Hoshiarpur,2011 - 2012,Wheat,694000.0,1.1,763400.0000000001,0.5,381700.00000000006,267190.0
Punjab,Hoshiarpur,2012 - 2013,Wheat,629000.0,1.1,691900.0,0.5,345950.0,242164.99999999997
Punjab,Hoshiarpur,2013 - 2014,Wheat,671000.0,1.1,738100.0000000001,0.5,369050.00000000006,258335.00000000003
Punjab,Hoshiarpur,2014 - 2015,Wheat,540000.0,1.1,594000.0,0.5,297000.0,207900.0
Punjab,Hoshiarpur,2015 - 2016,Wheat,591000.0,1.1,650100.0,0.5,325050.0,227535.0
Punjab,Hoshiarpur,2016 - 2017,Wheat,606000.0,1.1,666600.0,0.5,333300.0,233309.99999999997
Punjab,Hoshiarpur,2017 - 2018,Wheat,620000.0,1.1,682000.0,0.5,341000.0,238699.99999999997
Punjab,Hoshiarpur,2018 - 2019,Wheat,611000.0,1.1,672100.0,0.5,336050.0,235234.99999999997
Punjab,Hoshiarpur,2019 - 2020,Wheat,609000.0,1.1,669900.0,0.5,334950.0,234464.99999999997
Punjab,Hoshiarpur,2020 - 2021,Wheat,588000.0,1.1,646800.0,0.5,323400.0,226380.0
Punjab,Hoshiarpur,2021 - 2022,Wheat,515000.0,1.1,566500.0,0.5,283250.0,198275.0
Punjab,Hoshiarpur,2022 - 2023,Wheat,570800.0,1.1,627880.0,0.5,313940.0,219758.0
Punjab,Jalandhar,2010 - 2011,Wheat,793000.0,1.1,872300.0000000001,0.5,436150.00000000006,305305.0
Punjab,Jalandhar,2011 - 2012,Wheat,866000.0,1.1,952600.0000000001,0.5,476300.00000000006,333410.0
Punjab,Jalandhar,2012 - 2013,Wheat,773000.0,1.1,850300.0000000001,0.5,425150.00000000006,297605.0
Punjab,Jalandhar,2013 - 2014,Wheat,837000.0,1.1,920700.0000000001,0.5,460350.00000000006,322245.0
Punjab,Jalandhar,2014 - 2015,Wheat,685000.0,1.1,753500.0000000001,0.5,376750.00000000006,263725.0
Punjab,Jalandhar,2015 - 2016,Wheat,762000.0,1.1,838200.0000000001,0.5,419100.00000000006,293370.0
Punjab,Jalandhar,2016 - 2017,Wheat,809000.0,1.1,889900.0000000001,0.5,444950.00000000006,311465.0
Punjab,Jalandhar,2017 - 2018,Wheat,861000.0,1.1,947100.0000000001,0.5,473550.00000000006,331485.0
Punjab,Jalandhar,2018 - 2019,Wheat,845000.0,1.1,929500.0000000001,0.5,464750.00000000006,325325.0
Punjab,Jalandhar,2019 - 2020,Wheat,870000.0,1.1,957000.0000000001,0.5,478500.00000000006,334950.0
Punjab,Jalandhar,2020 - 2021,Wheat,845000.0,1.1,929500.0000000001,0.5,464750.00000000006,325325.0
Punjab,Jalandhar,2021 - 2022,Wheat,732000.0,1.1,805200.0000000001,0.5,402600.00000000006,281820.0
Punjab,Jalandhar,2022 - 2023,Wheat,754300.0,1.1,829730.0000000001,0.5,414865.00000000006,290405.5
Punjab,Kapurthala,2010 - 2011,Wheat,480000.0,1.1,528000.0,0.5,264000.0,184800.0
Punjab,Kapurthala,2011 - 2012,Wheat,542000.0,1.1,596200.0,0.5,298100.0,208670.0
Punjab,Kapurthala,2012 - 2013,Wheat,510000.0,1.1,561000.0,0.5,280500.0,196350.0
Punjab,Kapurthala,2013 - 2014,Wheat,548000.0,1.1,602800.0,0.5,301400.0,210980.0
Punjab,Kapurthala,2014 - 2015,Wheat,429000.0,1.1,471900.00000000006,0.5,235950.00000000003,165165.0
Punjab,Kapurthala,2015 - 2016,Wheat,469000.0,1.1,515900.00000000006,0.5,257950.00000000003,180565.0
Punjab,Kapurthala,2016 - 2017,Wheat,522000.0,1.1,574200.0,0.5,287100.0,200970.0
Punjab,Kapurthala,2017 - 2018,Wheat,523000.0,1.1,575300.0,0.5,287650.0,201355.0
Punjab,Kapurthala,2018 - 2019,Wheat,516000.0,1.1,567600.0,0.5,283800.0,198660.0
Punjab,Kapurthala,2019 - 2020,Wheat,507000.0,1.1,557700.0,0.5,278850.0,195195.0
Punjab,Kapurthala,2020 - 2021,Wheat,486000.0,1.1,534600.0,0.5,267300.0,187110.0
Punjab,Kapurthala,2021 - 2022,Wheat,439000.0,1.1,482900.00000000006,0.5,241450.00000000003,169015.0
Punjab,Kapurthala,2022 - 2023,Wheat,484300.0,1.1,532730.0,0.5,266365.0,186455.5
Punjab,Ludhiana,2010 - 2011,Wheat,1276000.0,1.1,1403600.0,0.5,701800.0,491259.99999999994
Punjab,Ludhiana,2011 - 2012,Wheat,1381000.0,1.1,1519100.0000000002,0.5,759550.0000000001,531685.0
Punjab,Ludhiana,2012 - 2013,Wheat,1242000.0,1.1,1366200.0,0.5,683100.0,478169.99999999994
Punjab,Ludhiana,2013 - 2014,Wheat,1327000.0,1.1,1459700.0000000002,0.5,729850.0000000001,510895.00000000006
Punjab,Ludhiana,2014 - 2015,Wheat,1129000.0,1.1,1241900.0,0.5,620950.0,434665.0
Punjab,Ludhiana,2015 - 2016,Wheat,1172000.0,1.1,1289200.0,0.5,644600.0,451220.0
Punjab,Ludhiana,2016 - 2017,Wheat,1273000.0,1.1,1400300.0,0.5,700150.0,490104.99999999994
Punjab,Ludhiana,2017 - 2018,Wheat,1296000.0,1.1,1425600.0,0.5,712800.0,498959.99999999994
Punjab,Ludhiana,2018 - 2019,Wheat,1288000.0,1.1,1416800.0,0.5,708400.0,495879.99999999994
Punjab,Ludhiana,2019 - 2020,Wheat,1275000.0,1.1,1402500.0,0.5,701250.0,490874.99999999994
Punjab,Ludhiana,2020 - 2021,Wheat,1241000.0,1.1,1365100.0,0.5,682550.0,477784.99999999994
Punjab,Ludhiana,2021 - 2022,Wheat,1044000.0,1.1,1148400.0,0.5,574200.0,401940.0
Punjab,Ludhiana,2022 - 2023,Wheat,1123400.0,1.1,1235740.0,0.5,617870.0,432509.0
Punjab,Malerkotla,2021 - 2022,Wheat,227000.0,1.1,249700.00000000003,0.5,124850.00000000001,87395.0
Punjab,Malerkotla,2022 - 2023,Wheat,258500.0,1.1,284350.0,0.5,142175.0,99522.5
Punjab,Mansa,2010 - 2011,Wheat,830000.0,1.1,913000.0000000001,0.5,456500.00000000006,319550.0
Punjab,Mansa,2011 - 2012,Wheat,841000.0,1.1,925100.0000000001,0.5,462550.00000000006,323785.0
Punjab,Mansa,2012 - 2013,Wheat,759000.0,1.1,834900.0000000001,0.5,417450.00000000006,292215.0
Punjab,Mansa,2013 - 2014,Wheat,854000.0,1.1,939400.0000000001,0.5,469700.00000000006,328790.0
Punjab,Mansa,2014 - 2015,Wheat,742000.0,1.1,816200.0000000001,0.5,408100.00000000006,285670.0
Punjab,Mansa,2015 - 2016,Wheat,789000.0,1.1,867900.0000000001,0.5,433950.00000000006,303765.0
Punjab,Mansa,2016 - 2017,Wheat,876000.0,1.1,963600.0000000001,0.5,481800.00000000006,337260.0
Punjab,Mansa,2017 - 2018,Wheat,890000.0,1.1,979000.0000000001,0.5,489500.00000000006,342650.0
Punjab,Mansa,2018 - 2019,Wheat,932000.0,1.1,1025200.0000000001,0.5,512600.00000000006,358820.0
Punjab,Mansa,2019 - 2020,Wheat,922000.0,1.1,1014200.0000000001,0.5,507100.00000000006,354970.0
Punjab,Mansa,2020 - 2021,Wheat,852000.0,1.1,937200.0000000001,0.5,468600.00000000006,328020.0
Punjab,Mansa,2021 - 2022,Wheat,768000.0,1.1,844800.0000000001,0.5,422400.00000000006,295680.0
Punjab,Mansa,2022 - 2023,Wheat,854200.0,1.1,939620.0000000001,0.5,469810.00000000006,328867.0
Punjab,Moga,2010 - 2011,Wheat,887000.0,1.1,975700.0000000001,0.5,487850.00000000006,341495.0
Punjab,Moga,2011 - 2012,Wheat,961000.0,1.1,1057100.0,0.5,528550.0,369985.0
Punjab,Moga,2012 - 2013,Wheat,871000.0,1.1,958100.0000000001,0.5,479050.00000000006,335335.0
Punjab,Moga,2013 - 2014,Wheat,922000.0,1.1,1014200.0000000001,0.5,507100.00000000006,354970.0
Punjab,Moga,2014 - 2015,Wheat,794000.0,1.1,873400.0000000001,0.5,436700.00000000006,305690.0
Punjab,Moga,2015 - 2016,Wheat,805000.0,1.1,885500.0000000001,0.5,442750.00000000006,309925.0
Punjab,Moga,2016 - 2017,Wheat,918000.0,1.1,1009800.0000000001,0.5,504900.00000000006,353430.0
Punjab,Moga,2017 - 2018,Wheat,908000.0,1.1,998800.0000000001,0.5,499400.00000000006,349580.0
Punjab,Moga,2018 - 2019,Wheat,941000.0,1.1,1035100.0000000001,0.5,517550.00000000006,362285.0
Punjab,Moga,2019 - 2020,Wheat,942000.0,1.1,1036200.0000000001,0.5,518100.00000000006,362670.0
Punjab,Moga,2020 - 2021,Wheat,911000.0,1.1,1002100.0000000001,0.5,501050.00000000006,350735.0
Punjab,Moga,2021 - 2022,Wheat,778000.0,1.1,855800.0000000001,0.5,427900.00000000006,299530.0
Punjab,Moga,2022 - 2023,Wheat,846300.0,1.1,930930.0000000001,0.5,465465.00000000006,325825.5
Punjab,Muktsar,2010 - 2011,Wheat,957000.0,1.1,1052700.0,0.5,526350.0,368445.0
Punjab,Muktsar,2011 - 2012,Wheat,1036000.0,1.1,1139600.0,0.5,569800.0,398860.0
Punjab,Muktsar,2012 - 2013,Wheat,996000.0,1.1,1095600.0,0.5,547800.0,383460.0
Punjab,Muktsar,2013 - 2014,Wheat,1058000.0,1.1,1163800.0,0.5,581900.0,407330.0
Punjab,Muktsar,2014 - 2015,Wheat,907000.0,1.1,997700.0000000001,0.5,498850.00000000006,349195.0
Punjab,Muktsar,2015 - 2016,Wheat,969000.0,1.1,1065900.0,0.5,532950.0,373065.0
Punjab,Muktsar,2016 - 2017,Wheat,1093000.0,1.1,1202300.0,0.5,601150.0,420805.0
Punjab,Muktsar,2017 - 2018,Wheat,1108000.0,1.1,1218800.0,0.5,609400.0,426580.0
Punjab,Muktsar,2018 - 2019,Wheat,1192000.0,1.1,1311200.0,0.5,655600.0,458919.99999999994
Punjab,Muktsar,2019 - 2020,Wheat,1168000.0,1.1,1284800.0,0.5,642400.0,449680.0
Punjab,Muktsar,2020 - 2021,Wheat,1087000.0,1.1,1195700.0,0.5,597850.0,418495.0
Punjab,Muktsar,2021 - 2022,Wheat,992000.0,1.1,1091200.0,0.5,545600.0,381920.0
Punjab,Muktsar,2022 - 2023,Wheat,1019100.0,1.1,1121010.0,0.5,560505.0,392353.5
Punjab,Nawanshahr,2010 - 2011,Wheat,348000.0,1.1,382800.00000000006,0.5,191400.00000000003,133980.0
Punjab,Nawanshahr,2011 - 2012,Wheat,387000.0,1.1,425700.00000000006,0.5,212850.00000000003,148995.0
Punjab,Nawanshahr,2012 - 2013,Wheat,382000.0,1.1,420200.00000000006,0.5,210100.00000000003,147070.0
Punjab,Nawanshahr,2013 - 2014,Wheat,371000.0,1.1,408100.00000000006,0.5,204050.00000000003,142835.0
Punjab,Nawanshahr,2014 - 2015,Wheat,282000.0,1.1,310200.0,0.5,155100.0,108570.0
Punjab,Nawanshahr,2015 - 2016,Wheat,368000.0,1.1,404800.00000000006,0.5,202400.00000000003,141680.0
Punjab,Nawanshahr,2016 - 2017,Wheat,374000.0,1.1,411400.00000000006,0.5,205700.00000000003,143990.0
Punjab,Nawanshahr,2017 - 2018,Wheat,385000.0,1.1,423500.00000000006,0.5,211750.00000000003,148225.0
Punjab,Nawanshahr,2018 - 2019,Wheat,385000.0,1.1,423500.00000000006,0.5,211750.00000000003,148225.0
Punjab,Nawanshahr,2019 - 2020,Wheat,391000.0,1.1,430100.00000000006,0.5,215050.00000000003,150535.0
Punjab,Nawanshahr,2020 - 2021,Wheat,384000.0,1.1,422400.00000000006,0.5,211200.00000000003,147840.0
Punjab,Nawanshahr,2021 - 2022,Wheat,299000.0,1.1,328900.0,0.5,164450.0,115114.99999999999
Punjab,Nawanshahr,2022 - 2023,Wheat,386300.0,1.1,424930.00000000006,0.5,212465.00000000003,148725.5
Punjab,Pathankot,2012 - 2013,Wheat,173000.0,1.1,190300.00000000003,0.5,95150.00000000001,66605.0
Punjab,Pathankot,2013 - 2014,Wheat,167000.0,1.1,183700.00000000003,0.5,91850.00000000001,64295.00000000001
Punjab,Pathankot,2014 - 2015,Wheat,115000.0,1.1,126500.00000000001,0.5,63250.00000000001,44275.0
Punjab,Pathankot,2015 - 2016,Wheat,166000.0,1.1,182600.00000000003,0.5,91300.00000000001,63910.00000000001
Punjab,Pathankot,2016 - 2017,Wheat,168000.0,1.1,184800.00000000003,0.5,92400.00000000001,64680.00000000001
Punjab,Pathankot,2017 - 2018,Wheat,165000.0,1.1,181500.00000000003,0.5,90750.00000000001,63525.00000000001
Punjab,Pathankot,2018 - 2019,Wheat,163000.0,1.1,179300.0,0.5,89650.0,62754.99999999999
Punjab,Pathankot,2019 - 2020,Wheat,158000.0,1.1,173800.0,0.5,86900.0,60829.99999999999
Punjab,Pathankot,2020 - 2021,Wheat,182000.0,1.1,200200.00000000003,0.5,100100.00000000001,70070.0
Punjab,Pathankot,2021 - 2022,Wheat,144000.0,1.1,158400.0,0.5,79200.0,55440.0
Punjab,Pathankot,2022 - 2023,Wheat,160300.0,1.1,176330.0,0.5,88165.0,61715.49999999999
Punjab,Patiala,2010 - 2011,Wheat,1141000.0,1.1,1255100.0,0.5,627550.0,439285.0
Punjab,Patiala,2011 - 2012,Wheat,1297000.0,1.1,1426700.0,0.5,713350.0,499344.99999999994
Punjab,Patiala,2012 - 2013,Wheat,1123000.0,1.1,1235300.0,0.5,617650.0,432355.0
Punjab,Patiala,2013 - 2014,Wheat,1153000.0,1.1,1268300.0,0.5,634150.0,443905.0
Punjab,Patiala,2014 - 2015,Wheat,1024000.0,1.1,1126400.0,0.5,563200.0,394240.0
Punjab,Patiala,2015 - 2016,Wheat,1073000.0,1.1,1180300.0,0.5,590150.0,413105.0
Punjab,Patiala,2016 - 2017,Wheat,1193000.0,1.1,1312300.0,0.5,656150.0,459304.99999999994
Punjab,Patiala,2017 - 2018,Wheat,1223000.0,1.1,1345300.0,0.5,672650.0,470854.99999999994
Punjab,Patiala,2018 - 2019,Wheat,1275000.0,1.1,1402500.0,0.5,701250.0,490874.99999999994
Punjab,Patiala,2019 - 2020,Wheat,1116000.0,1.1,1227600.0,0.5,613800.0,429660.0
Punjab,Patiala,2020 - 2021,Wheat,1162000.0,1.1,1278200.0,0.5,639100.0,447370.0
Punjab,Patiala,2021 - 2022,Wheat,907000.0,1.1,997700.0000000001,0.5,498850.00000000006,349195.0
Punjab,Patiala,2022 - 2023,Wheat,1145100.0,1.1,1259610.0,0.5,629805.0,440863.5
Punjab,Rupnagar,2010 - 2011,Wheat,253000.0,1.1,278300.0,0.5,139150.0,97405.0
Punjab,Rupnagar,2011 - 2012,Wheat,297000.0,1.1,326700.0,0.5,163350.0,114345.0
Punjab,Rupnagar,2012 - 2013,Wheat,284000.0,1.1,312400.0,0.5,156200.0,109340.0
Punjab,Rupnagar,2013 - 2014,Wheat,307000.0,1.1,337700.0,0.5,168850.0,118194.99999999999
Punjab,Rupnagar,2014 - 2015,Wheat,266000.0,1.1,292600.0,0.5,146300.0,102410.0
Punjab,Rupnagar,2015 - 2016,Wheat,274000.0,1.1,301400.0,0.5,150700.0,105490.0
Punjab,Rupnagar,2016 - 2017,Wheat,328000.0,1.1,360800.00000000006,0.5,180400.00000000003,126280.00000000001
Punjab,Rupnagar,2017 - 2018,Wheat,326000.0,1.1,358600.0,0.5,179300.0,125509.99999999999
Punjab,Rupnagar,2018 - 2019,Wheat,315000.0,1.1,346500.0,0.5,173250.0,121274.99999999999
Punjab,Rupnagar,2019 - 2020,Wheat,299000.0,1.1,328900.0,0.5,164450.0,115114.99999999999
Punjab,Rupnagar,2020 - 2021,Wheat,310000.0,1.1,341000.0,0.5,170500.0,119349.99999999999
Punjab,Rupnagar,2021 - 2022,Wheat,248000.0,1.1,272800.0,0.5,136400.0,95480.0
Punjab,Rupnagar,2022 - 2023,Wheat,306300.0,1.1,336930.0,0.5,168465.0,117925.49999999999
Punjab,S.a.s nagar,2010 - 2011,Wheat,227000.0,1.1,249700.00000000003,0.5,124850.00000000001,87395.0
Punjab,S.a.s nagar,2011 - 2012,Wheat,249000.0,1.1,273900.0,0.5,136950.0,95865.0
Punjab,S.a.s nagar,2012 - 2013,Wheat,233000.0,1.1,256300.00000000003,0.5,128150.00000000001,89705.0
Punjab,S.a.s nagar,2013 - 2014,Wheat,228000.0,1.1,250800.00000000003,0.5,125400.00000000001,87780.0
Punjab,S.a.s nagar,2014 - 2015,Wheat,198000.0,1.1,217800.00000000003,0.5,108900.00000000001,76230.0
Punjab,S.a.s nagar,2015 - 2016,Wheat,232000.0,1.1,255200.00000000003,0.5,127600.00000000001,89320.0
Punjab,S.a.s nagar,2016 - 2017,Wheat,235000.0,1.1,258500.00000000003,0.5,129250.00000000001,90475.0
Punjab,S.a.s nagar,2017 - 2018,Wheat,248000.0,1.1,272800.0,0.5,136400.0,95480.0
Punjab,S.a.s nagar,2018 - 2019,Wheat,232000.0,1.1,255200.00000000003,0.5,127600.00000000001,89320.0
Punjab,S.a.s nagar,2019 - 2020,Wheat,226000.0,1.1,248600.00000000003,0.5,124300.00000000001,87010.0
Punjab,S.a.s nagar,2020 - 2021,Wheat,212000.0,1.1,233200.00000000003,0.5,116600.00000000001,81620.0
Punjab,S.a.s nagar,2021 - 2022,Wheat,186000.0,1.1,204600.00000000003,0.5,102300.00000000001,71610.0
Punjab,S.a.s nagar,2022 - 2023,Wheat,217000.0,1.1,238700.00000000003,0.5,119350.00000000001,83545.0
Punjab,Sangrur,2010 - 2011,Wheat,1472000.0,1.1,1619200.0000000002,0.5,809600.0000000001,566720.0
Punjab,Sangrur,2011 - 2012,Wheat,1577000.0,1.1,1734700.0000000002,0.5,867350.0000000001,607145.0
Punjab,Sangrur,2012 - 2013,Wheat,1473000.0,1.1,1620300.0000000002,0.5,810150.0000000001,567105.0
Punjab,Sangrur,2013 - 2014,Wheat,1567000.0,1.1,1723700.0000000002,0.5,861850.0000000001,603295.0
Punjab,Sangrur,2014 - 2015,Wheat,1366000.0,1.1,1502600.0000000002,0.5,751300.0000000001,525910.0
Punjab,Sangrur,2015 - 2016,Wheat,1373000.0,1.1,1510300.0000000002,0.5,755150.0000000001,528605.0
Punjab,Sangrur,2016 - 2017,Wheat,1589000.0,1.1,1747900.0000000002,0.5,873950.0000000001,611765.0
Punjab,Sangrur,2017 - 2018,Wheat,1599000.0,1.1,1758900.0000000002,0.5,879450.0000000001,615615.0
Punjab,Sangrur,2018 - 2019,Wheat,1682000.0,1.1,1850200.0000000002,0.5,925100.0000000001,647570.0
Punjab,Sangrur,2019 - 2020,Wheat,1678000.0,1.1,1845800.0000000002,0.5,922900.0000000001,646030.0
Punjab,Sangrur,2020 - 2021,Wheat,1532000.0,1.1,1685200.0000000002,0.5,842600.0000000001,589820.0
Punjab,Sangrur,2021 - 2022,Wheat,989000.0,1.1,1087900.0,0.5,543950.0,380765.0
Punjab,Sangrur,2022 - 2023,Wheat,1257700.0,1.1,1383470.0,0.5,691735.0,484214.49999999994
Punjab,Tarn taran,2010 - 2011,Wheat,850000.0,1.1,935000.0000000001,0.5,467500.00000000006,327250.0
Punjab,Tarn taran,2011 - 2012,Wheat,902000.0,1.1,992200.0000000001,0.5,496100.00000000006,347270.0
Punjab,Tarn taran,2012 - 2013,Wheat,798000.0,1.1,877800.0000000001,0.5,438900.00000000006,307230.0
Punjab,Tarn taran,2013 - 2014,Wheat,931000.0,1.1,1024100.0000000001,0.5,512050.00000000006,358435.0
Punjab,Tarn taran,2014 - 2015,Wheat,777000.0,1.1,854700.0000000001,0.5,427350.00000000006,299145.0
Punjab,Tarn taran,2015 - 2016,Wheat,842000.0,1.1,926200.0000000001,0.5,463100.00000000006,324170.0
Punjab,Tarn taran,2016 - 2017,Wheat,886000.0,1.1,974600.0000000001,0.5,487300.00000000006,341110.0
Punjab,Tarn taran,2017 - 2018,Wheat,871000.0,1.1,958100.0000000001,0.5,479050.00000000006,335335.0
Punjab,Tarn taran,2018 - 2019,Wheat,916000.0,1.1,1007600.0000000001,0.5,503800.00000000006,352660.0
Punjab,Tarn taran,2019 - 2020,Wheat,855000.0,1.1,940500.0000000001,0.5,470250.00000000006,329175.0
Punjab,Tarn taran,2020 - 2021,Wheat,880000.0,1.1,968000.0000000001,0.5,484000.00000000006,338800.0
Punjab,Tarn taran,2021 - 2022,Wheat,796000.0,1.1,875600.0000000001,0.5,437800.00000000006,306460.0
Punjab,Tarn taran,2022 - 2023,Wheat,886400.0,1.1,975040.0000000001,0.5,487520.00000000006,341264.0
Haryana,Ambala,2022-23,Rice,390000.0,1.5,585000.0,0.65,380250.0,143325.0
Haryana,Bhiwani,2022-23,Rice,73000.0,1.5,109500.0,0.65,71175.0,26827.5
Haryana,Charkhi Dadri,2022-23,Rice,19000.0,1.5,28500.0,0.65,18525.0,6982.5
Haryana,Faridabad,2022-23,Rice,43000.0,1.5,64500.0,0.65,41925.0,15802.499999999998
Haryana,Fatehabad,2022-23,Rice,586000.0,1.5,879000.0,0.65,571350.0,215355.0
Haryana,Gurugram,2022-23,Rice,13000.0,1.5,19500.0,0.65,12675.0,4777.5
Haryana,Hisar,2022-23,Rice,304000.0,1.5,456000.0,0.65,296400.0,111720.0
Haryana,Jhajjar,2022-23,Rice,149000.0,1.5,223500.0,0.65,145275.0,54757.5
Haryana,Jind,2022-23,Rice,573000.0,1.5,859500.0,0.65,558675.0,210577.5
Haryana,Kaithal,2022-23,Rice,781000.0,1.5,1171500.0,0.65,761475.0,287017.5
Haryana,Karnal,2022-23,Rice,719000.0,1.5,1078500.0,0.65,701025.0,264232.5
Haryana,Kurukshetra,2022-23,Rice,588000.0,1.5,882000.0,0.65,573300.0,216090.0
Haryana,Nuh,2022-23,Rice,25000.0,1.5,37500.0,0.65,24375.0,9187.5
Haryana,Palwal,2022-23,Rice,108000.0,1.5,162000.0,0.65,105300.0,39690.0
Haryana,Panchkula,2022-23,Rice,34000.0,1.5,51000.0,0.65,33150.0,12495.0
Haryana,Panipat,2022-23,Rice,245000.0,1.5,367500.0,0.65,238875.0,90037.49999999999
Haryana,Rewari,2022-23,Rice,5000.0,1.5,7500.0,0.65,4875.0,1837.4999999999998
Haryana,Rohtak,2022-23,Rice,230000.0,1.5,345000.0,0.65,224250.0,84524.99999999999
Haryana,Sirsa,2022-23,Rice,395000.0,1.5,592500.0,0.65,385125.0,145162.5
Haryana,Sonipat,2022-23,Rice,345000.0,1.5,517500.0,0.65,336375.0,126787.49999999999
Haryana,Yamunanagar,2022-23,Rice,295000.0,1.5,442500.0,0.65,287625.0,108412.5
Haryana,Ambala,2022-23,Wheat,412000.0,1.1,453200.00000000006,0.5,226600.00000000003,158620.0
Haryana,Bhiwani,2022-23,Wheat,371000.0,1.1,408100.00000000006,0.5,204050.00000000003,142835.0
Haryana,Charkhi Dadri,2022-23,Wheat,138000.0,1.1,151800.0,0.5,75900.0,53130.0
Haryana,Faridabad,2022-23,Wheat,118000.0,1.1,129800.00000000001,0.5,64900.00000000001,45430.0
Haryana,Fatehabad,2022-23,Wheat,936000.0,1.1,1029600.0000000001,0.5,514800.00000000006,360360.0
Haryana,Gurugram,2022-23,Wheat,151000.0,1.1,166100.0,0.5,83050.0,58134.99999999999
Haryana,Hisar,2022-23,Wheat,1039000.0,1.1,1142900.0,0.5,571450.0,400015.0
Haryana,Jhajjar,2022-23,Wheat,412000.0,1.1,453200.00000000006,0.5,226600.00000000003,158620.0
Haryana,Jind,2022-23,Wheat,985000.0,1.1,1083500.0,0.5,541750.0,379225.0
Haryana,Kaithal,2022-23,Wheat,847000.0,1.1,931700.0000000001,0.5,465850.00000000006,326095.0
Haryana,Karnal,2022-23,Wheat,1003000.0,1.1,1103300.0,0.5,551650.0,386155.0
Haryana,Kurukshetra,2022-23,Wheat,506000.0,1.1,556600.0,0.5,278300.0,194810.0
Haryana,Mahendragarh,2022-23,Wheat,133000.0,1.1,146300.0,0.5,73150.0,51205.0
Haryana,Nuh,2022-23,Wheat,268000.0,1.1,294800.0,0.5,147400.0,103180.0
Haryana,Palwal,2022-23,Wheat,414000.0,1.1,455400.00000000006,0.5,227700.00000000003,159390.0
Haryana,Panchkula,2022-23,Wheat,74000.0,1.1,81400.0,0.5,40700.0,28490.0
Haryana,Panipat,2022-23,Wheat,375000.0,1.1,412500.00000000006,0.5,206250.00000000003,144375.0
Haryana,Rewari,2022-23,Wheat,139000.0,1.1,152900.0,0.5,76450.0,53515.0
Haryana,Rohtak,2022-23,Wheat,430000.0,1.1,473000.00000000006,0.5,236500.00000000003,165550.0
Haryana,Sirsa,2022-23,Wheat,1204000.0,1.1,1324400.0,0.5,662200.0,463539.99999999994
Haryana,Sonipat,2022-23,Wheat,630000.0,1.1,693000.0,0.5,346500.0,242549.99999999997
Haryana,Yamunanagar,2022-23,Wheat,478000.0,1.1,525800.0,0.5,262900.0,184030.0
